index,group,image_name,image_id,target_visible,true_no_person,x_offset,size_proxy,visibility_logit,visibility_confidence,pred_visible,overlay_path,gt_x_offset,gt_size_proxy
1,top_fn,01_p0.0114_000000132408.jpg,132408,1,0,0.10235044360160828,0.2704586386680603,-3.588391065597534,0.026899201795458794,0,/mnt/c/Users/yxl21/Documents/School/DroneRS/pytorch_ssd/export/hybrid_follow/pytorch_checkpoint_eval/best_follow_score_20260324_152203/0001_top_fn_01_p0.0114_000000132408/prediction_overlay.png,-0.7022610722610723,0.33386946386946376
2,top_fn,02_p0.0236_000000156292.jpg,156292,1,0,0.058269768953323364,0.30909615755081177,-7.552567958831787,0.0005244856001809239,0,/mnt/c/Users/yxl21/Documents/School/DroneRS/pytorch_ssd/export/hybrid_follow/pytorch_checkpoint_eval/best_follow_score_20260324_152203/0002_top_fn_02_p0.0236_000000156292/prediction_overlay.png,-0.5592757009345795,0.3635981308411215
3,top_fn,03_p0.0247_000000049259.jpg,49259,1,0,-0.13855989277362823,0.22000397741794586,-4.3808512687683105,0.01236001867800951,0,/mnt/c/Users/yxl21/Documents/School/DroneRS/pytorch_ssd/export/hybrid_follow/pytorch_checkpoint_eval/best_follow_score_20260324_152203/0003_top_fn_03_p0.0247_000000049259/prediction_overlay.png,0.0562060889929743,0.06950819672131149
4,top_fp,01_p0.9965_000000493613.jpg,493613,0,1,0.07182320207357407,0.4019148349761963,6.259084701538086,0.9980906844139099,1,/mnt/c/Users/yxl21/Documents/School/DroneRS/pytorch_ssd/export/hybrid_follow/pytorch_checkpoint_eval/best_follow_score_20260324_152203/0004_top_fp_01_p0.9965_000000493613/prediction_overlay.png,,
5,top_fp,02_p0.9841_000000069795.jpg,69795,0,1,-0.10368596762418747,0.45657914876937866,1.559722661972046,0.8263135552406311,1,/mnt/c/Users/yxl21/Documents/School/DroneRS/pytorch_ssd/export/hybrid_follow/pytorch_checkpoint_eval/best_follow_score_20260324_152203/0005_top_fp_02_p0.9841_000000069795/prediction_overlay.png,,
6,top_fp,03_p0.9837_000000423944.jpg,423944,0,1,-0.4365638196468353,0.8796983957290649,6.761662483215332,0.9988440275192261,1,/mnt/c/Users/yxl21/Documents/School/DroneRS/pytorch_ssd/export/hybrid_follow/pytorch_checkpoint_eval/best_follow_score_20260324_152203/0006_top_fp_03_p0.9837_000000423944/prediction_overlay.png,,
